AFRICANA STUDIES
Whitsitt, Novian|2142|whitsino
Anderson, Lauren|2981|andela10
Mtisi, Richard|1264|mtisri01

BIOLOGY
Eichinger, Mark|1551|eichma01
Baack, Eric|1087|baacer01
Carlson, Scott|1552|carlsosc
Enos-Berlage, Jodi|1554|enosbejo
Fretham, Stephanie|1555|bohmst01
Kaehler, Marian|1556|kaehlerm
Kraus, Kevin|1005|krauske
Larsen, Kirk|1558|larsenkj
Lynch, Elizabeth|1248|lynchbet
McNicoll, Molly|1257|mcnimo01
Mefford, Melissa|1550|meffme01
Reding, Dawn|1700|redida01
Strand, Gwen|1177|strandgu
Talsness, Dana|1681|talsda01

CHEMISTRY
Chamberlain, Bradley|1627|chambr01
Hedstrom, Jack|1625|hedstrom
Jefferson, John|1119|jeffersj
Mertzenich, Claude|1626|mertzecl
Michels, Olga|1684|rincol01
Tokheim, Benjamin|1736|tokhbe01
Wilker, Molly|1123|wilkmo01
Winsauer, Alisa|1342|winsal01

CLASSICS
Freeman, Philip|2144|freeph01
Bulliung, Anne|1263|bulliuan
Davis, Dan|2551|davida06

COMMUNICATION STUDIES
Powell, Kim|1362|powellki
Sweet, Derek|1566|sweede01
Johns, Mark|1347|johnsmar
Johnson, Thomas|1091|johnth03
Wilder, Sarah|1334|wildsa02

COMPUTER SCIENCE
Miller, Brad|1137|millbr02
Hardy, Carolyn|1410|hardca01
Lee, Kent|2429|leekentd
Mattson, Paul|1717|mattpa01
Ranum, David|1410|ranumdav
Yasinovskyy, Roman|1171|yasiro01

ECONOMICS, ACCOUNTING, AND MANAGEMENT
Holland, Steven|1130|hollst03
Cord, Brittany|1035|cordbr01
Gomersall, Nicholas|1133|gomersni
Jones, Don|1706|jonedo01
Larson, Rob|1568|larsro01
Mutsune, Tony|1574|mutsto01
Nelson, Ramona|1569|nelsonra
Patton, Greg|1295|pattgr01
Schweizer, Tim|1131|schweizt
Shilts, Wade|1714|shiltswa
Torkelson, Ryan|1187|torkry01
White, Alexandra|1812|whital04
Wrightsman, Amy|1279|wrigam01

EDUCATION
Bohach, Barbara|1547|bohachba
Huinker, Amanda|1196|roigeram
Leet-Otley, Jill|1542|leetji01
Meade, Birgitta|1710|meadbi01
Meyer-Mork, Jodi|1544|meyejo09
Norland, Deborah|1546|norlandd
Pillsbury, Jeannette|1543|pillje01
Sheppard, Tom|1196|shepjo01
Snell-Anderson, Heidi|1196|snelhe01
Sovereign, Shirley|1196|sovesh01
Stockton, William|1196|stocwi01
Vesperman, Dean|2979|vespde01
Wilson, Jill|1301|wilsji01

ENGLISH
Klammer, Martin|2112|klammerm
Barry, Nancy|1591|barrynan
Drews, Marie|1181|drewsmar
Faldet, David|1592|faldetda
Faldet, Rachel|1082|faldetra
Garcia, Mike|2207|garcmi01
Hageman, Andrew|1256|hagean03
Kildegaard, Lise|1683|kildegli
Narveson, Kate|1593|narveska
Row-Heyveld, Lindsey|1596|rowhli01
Weldon, Amy|2224|weldam01
Whitsitt, Novian|2142|whitsino

ENVIRONMENTAL STUDIES
Baack, Eric|1087|baacer01
Brummel, Rachel|1778|brumra02
Jensen, Jon|1696|jensjo01
Peterson, Laura|1781|cleala01

HEALTH AND PHYSICAL EDUCATION
Solberg, Brian|1246|solberbr
Boeke, Jeff|1820|boekje01
Drewes-Stoen, Ellen|1587|drewesel
Hall, James|1245|hallja02
Hornbacher, Steven|1245|gallma03
Jaeger, Roger|1245|jaegerrj
O’Gara, Jeff|2649|ogarajef
Wettach, Jeff|1577|wettacje
Wright, Jacquelyn|1581|wrightja
LIBRARY & INFORMATION STUDIES
Beckendorf, Andrea|1227|beckenan
Moeller, Christine|1297|vivich01
Moeller, Lindy|1498|moellind
Sullivan, Rebecca|2212|sullivre86

HISTORY
Caton, Brian|2119|catobr01
Anderson, Lauren|2981|andela10
Christman, Robert|2137|chriro05
Christman, Victoria|1071|chrivi02
Mtisi, Richard|1264|mtisri01
Peterson, Anna|1155|petean07
Tebbenhoff, Edward|1691|tebbened
Wilkie, Jacqueline|1369|wilkieja

MATHEMATICS
Westlund, Eric|1711|wester01
Becker, Joyce|1172|beckerj
Berger, Ruth|1174|bergerr
Bernatz, Richard|1175|bernatzr
Fey, Kyle|1173|feyky01
Johnson, Michael|1638|johnmi10
Mitchell, David|1713|mitcheda
Occhipinti, Thomas|1170|occhth01
Savariappan, Paul|1363|savapa01
Wangsness, Cheryl|1716|wangsnch

MODERN LANGUAGES, LITERATURES AND LINGUISTICS
Thompson, David|2146|thomda01
Estenoz, Alfredo|1183|alonal01
Bowman, Melanie|2983|bowmme01
Santis, Francesca|2997|desafr01
Feat, Anne|1185|featan01
Madsen, Nancy|2982|madsna01
Grønningsæter, Kari|1051|gronka01
Iudin-Nelson, Laurie|1078|iudinnel
Johnson, Maren|1570|johnma29
Kath, Ruth|1186|kathruth
Såkvitne, Tonje|1570|sakvto01
Steding, Elizabeth|1703|stedel01
Steding, Sören|1489|stedso01
Strom, Megan|1825|strome02
Tejada, Rita|1127|tejadari
Yu, Hongmei|2178|yuho01
Zaring, Laurie|2986|zarila01

MUSIC
Peterson, Gregory|1205|petegr01
Ailabouni, Jonathan|1265|ailajo01
Andereck, Edwin|1213|andereck
Armstrong, Heather|1214|armshe01
Baldwin, Daniel|1692|baldwida
Batoff, Melanie|1211|batome01
Beane-Hanson, Katherine|1562|beanka01
Borter, Philip|1220|bortph01
Brandwein, Rachel|1792|branra02
Britton, Jason|1378|britja02
Britton, Margaret|1378|fonsma01
Chesher, Michael|1206|chesheml
Cord, John|1201|cordjo01
deAlbuquerque, Joan|1202|dealjo01
Douma, Jeffrey|2219|doumje01
Engelsdorfer, Amy|1399|engeam02
Fulton, William|2219|fultwi01
Geary, Michael|1003|gearymic
Gover, Deborah|1795|govede01
Guzman, Juan|1354|guzmanto
Hanson, Carla|1499|hansca01
Hart, Lynne|2140|postly01
Hart, Peter|2140|hartpe01
Hester, Carol|1200|hesterca
Jones, Ann|2219|howaan02
Hu, Xiao|1364|huxi01
Huang, Du|1056|huandu01
Joyce, Brooke|1386|joycbr02
Kalnin, Igor|2209|kalnig01
Kominami, Miko|1387|komimi01
Kreuscher, Carol|1224|kreuca01
Last, Andrew|1817|lastan01
Lingen, Peter|1367|lingenpe
Martin, Linda|2148|martli01
Martin, Spencer|2424|martsp01
Meade, Tara|1224|meadta01
Morton, Gregory|1562|mortro01
Moss, Gary|1203|mossga01
Phillips, Jill|1215|philji01
Westlund, Beth|2132|raybet01
Reed, Kathy|1315|reedmaka
Robison, Jennaya|2208|robije01
Schultz, Brad|1141|schubr01
Shaffer, Rebecca|1006|shafre01
Shaneyfelt, Nicholas|1147|shanni01
Smith, Michael|1179|smitmi01
Sonka, Chad|1209|sonkch01
Strauss, John|1210|straussj
Strauss, Virginia|1266|strausvi
Struve, Jonathan|2067|struvejo
Ryn, Michael|1792|vanrmi01
Whitfield, Andrew|1764|whitan01
Yates, Benjamin|1367|yatebe01

NURSING
McGohan, LaDonna|1478|mcgola01
Bottema, Sophia|6872|guyeso01
Bouska, Laura|1453|fritla01
Carlson, Corine|7396|carlsoco
Edrington, Janna|1456|edrija01
Kueny, Angela|1165|oldenban
Nelson, Jayme|1454|nelsjaym
Overvold-Ronningen, Mary|3994|overvoma
Rowe Neal, April|5525|roweap01
Spier, Jessica|6872|spieje02
Swanson, James|6872|swanja03

PAIDEIA
Sullivan, Rebecca|2212|sullivre

PHILOSOPHY
Bailey, Storm|1687|baileyst
Moore, Holly|1222|moorho01
Jensen, Jon|1696|jensjo01

PHYSICS
Perez, James|1629|perezjam
Flater, Erin|1632|flater01
Pedlar, Todd|1628|pedlto01
Wilkerson, Jeffrey|1226|wilkerje

POLITICAL SCIENCE
Gardner, Paul|1139|gardnerp
Santos, Pedro|1250|dosspe01
Engelhardt, Michael|1252|engelhmi
Foster, Carly|1874|fostca01
Moeller, John|1221|moellerj

PSYCHOLOGY
Njus, David|1633|njusdavi
Bishop, David|1262|bishopda
Bossard, Elaine|1829|bossel01
Breitenstein, Joseph|1490|breitejo
Dykstra, Rita|1813|dyksri01
Gould, Kristy|1685|goulkr01
Sprung, Justin|1255|spruju01
Toussaint, Loren|1647|touslo01
Travers, Stephanie|1254|travst01

RELIGION
Burke, Sean|2985|burkse01
Deifelt, Wanda|2147|deifwa01
Green, Todd|1791|greeto02
Henning, Alyssa|1831|hennal02
Hurley, Scott|1788|hurlsc01
Kopf, Gereon|1497|kopfg
Martin-Schramm, James|1251|marschja
Nave, Guy|2143|navegu01
Shedinger, Robert|1276|shedinro
Sparkes, Terry|1005|sparkete
Swanson, Kristin|1346|swansokr
Wafula, Robert|1326|wafuro01
Williams, Natalie|1791|willna03
Wright, Laura|1785|wrigla0487

SOCIOLOGY, ANTHROPOLOGY, SOCIAL WORK
Rhodes, Britt|1623|rhodbr01
Bazylevych, Maryna|1349|bazyma01
Betts, Colin|1284|bettscol
Carrasco, Anita|1158|carran02
Ferguson, Ronald|1280|fergro01
Kane, Elizabeth|1261|kaneel02
Kremer, Joseph|1622|kremjo01
Kunkel, Charlotte|1624|kunkelch
Schmidt, Susan|2133|schmsu02
Stanley, Lori|1283|stanleyl
Tenneson, Karen|1261|tenneska

VISUAL AND PERFORMING ARTS     
Moore, Benjamin|1112|mooreben
Dintaman, Jeff|1380|dintamje
Elliott, Kate|1328|ellika03
Hawley, Jane|1694|hawleyja
Kamm, David|1665|kammdavi
Lantz, Lisa|1695|lantli01
Lovelace, Lea|1113|lovele01
Madrigal, Joseph|1114|madrjo01
Merritt, Richard|1290|merritri
Aguirre, Andrea|2984|vazqan01
Vrtis, Robert|1218|vrtiro01